<teiCorpus xmlns:xi="http://www.w3.org/2001/XInclude" xmlns="http://www.tei-c.org/ns/1.0"> 
<xi:include href="../../bin/koondkorpus_main_header.xml" /> 
<teiCorpus> 
<xi:include href="../bin/header_aja_horisont.xml" /> 
	<TEI> 
		<teiHeader xmlns="http://www.tei-c.org/ns/1.0" xml:lang="et" xml:id="koondkorpus_local_header" n="$Id:$"> 
			<fileDesc> 
				<titleStmt> 
					<title> Horisont 1996 </title> 
  				</titleStmt> 
				<publicationStmt> 
  					<p> Vt publitseerimisandmeid failist 
						<ref target="#publicationStmt-main">koondkorpus_main_header.xml</ref> 
					</p> 
  				</publicationStmt> 
				<sourceDesc> 
					<p> Vt allkorpuse päis 
						<ref target="#header_aja_horisont">header_aja_horisont.xml</ref> 
					</p> 
  				</sourceDesc> 
  			</fileDesc> 
		</teiHeader>
  <text>
    <body>
      <div1 type="ajakirjanumber">
        <head> Horisont , 1996 </head>
        <div2 type="artikkel"><head> OLEN NOOR VÕI OLEN VANA ? </head>
<p> <bibl> <author> <s> MARIA TEIVERLAUR </s> </author> </bibl> </p>
<p> <s> <hi rend="rasvane"> Mina olen veel noor … </hi> </s> </p>
<p> <s> MARIA TEIVERLAUR ( 1955 ) on meditsiinipsühholoog , Jämejala Psühhiaatriahaigla psühholoogia kabineti juhataja . </s> <s> Viljandi Kultuurikolledzi õppejõud . </s> <s> Pedagoogikakandidaat aastast 1992. </s> </p>
<p> <s> Teie käest küsitakse , kui vana Te olete . </s> <s> Tundub , et sellele pärimisele on lihtne vastata . </s> <s> Aga võta näpust … nüüdisaja teadus eristab hoopis mitut erinevat vanust , sealhulgas näiteks bioloogilist , sotsiaalset ja psühholoogilist . </s> </p>
<p> <s> Inimese subjektiivne suhtumine oma vanusesse on küllaltki erinev . </s> <s> Mõnigi eakas inimene võib tunda end nooremana , teine vanemana kui elatud aastad näitavad . </s> <s> Elus juhtub sageli , et inimene peab end nooremaks , kui ta tegelikult ( n.-ö. kronoloogiliselt ) o n. </s> </p>
<p> <s> Mõned aastad tagasi korraldati katse , milles osales 83 kõrgharidusega meest ja naist vanuses 21-44 aastat . </s> <s> Nad pidid ette kujutama , et ei tea oma tõelist vanust , ning andma subjektiivse hinnangu selle kohta . </s> <s> Tulemused näitasid , et ligi veerandil tegel ik ja subjektiivne vanus kattusid kas täiesti või piirdus erinevus aastaga . </s> <s> Üle poole katsealustest pidas end nooremaks ja umbes viiendik tundis end vanemana , kui nad tegelikult olid . </s> </p>
<p> <s> <hi rend="rasvane"> Nooruse saladused </hi> </s> </p>
<p> <s> Subjektiivne arvamus oma vanuse kohta on üsna oluline , sest enesetunnetusest selle kõige laiemas tähenduses sõltub ju inimese meeleolu ja käitumine . </s> <s> Miks inimesed oma vanust erinevalt tunnetavad , on püütud seletada mitut moodi . </s> <s> Teadlaste seas ühe levi nuima arvamuse järgi on igal isiksusel nn. aastate psühhofüsioloogilise aktiivsuse tsüklite “ loendaja ” , mille “ näitude ” alusel hinnataksegi oma psühholoogilist vanust . </s> <s> Teine seletus opereerib saavutustega , eneseteostusega , mis on teatud eas inimestele ena masti omane . </s> <s> Rõhutatakse , et kui inimese saavutused ületavad sotsiaalsed ootused , hakkab ta end tundma vanemana , kui ta tegelikult on . </s> <s> Juhul , kui saavutused on väiksemad kui teatud vanuses temalt loodetakse , tunnetab isik end nooremana . </s> <s> Katsed näitavad , e t näiteks vallalised tunnetavad end oluliselt nooremana kui abieluinimesed . </s> <s> Inimesed , kes tunnetavad end tegelikust tunduvalt nooremana , on sageli vähem iseseisvad ja emotsionaalselt ebastabiilsemad . </s> </p>
<p> <s> Seega võib psühholoogilist vanust defineerida ka kui isiksuse psühholoogilise aja realiseerumise astet . </s> <s> Või teisiti - psühholoogilise aja realiseerumist ehk täitumist teadvustab iga inimene oma “ hingelise ” vanusena , mida nimetataksegi isiksuse psühhol oogiliseks vanuseks . </s> <s> Erinevalt kronoloogilisest ja bioloogilisest vanusest on psühholoogiline vanus pöörduv , s.t. et inimene võib muutuda järjest nooremaks . </s> <s> See toimub enamasti n.-ö. psühholoogilise tuleviku suurenemise arvel : kui inimene loodab kaua elad a , siis ta vananeb “ aeglasemalt ” . </s> </p>
<p> <s> <hi rend="rasvane"> Mõtted , mis teevad vanemaks või nooremaks </hi> </s> </p>
<p> <s> Nagu teada , elavad paljud vanad inimesed oma mõtetega rohkem minevikus . </s> <s> Sellega püüavad nad kompenseerida oma bioloogilist ja sotsiaalset vananemist . </s> <s> Elades mineviku kujutlustes oma ilusate mälestuste keskel tunneb vana inimene end emotsionaalselt tea taval määral nooremana . </s> <s> Täpsustuseks peab veel lisama , et see , kes elab mõtetega rohkem tulevikus , kui olevikus , tunnetab end vanemana , kui inimene , kes “ elab siin ja praegu ” . </s> </p>
<p> <s> Praktika näitab veel ka , et lootuse kaotanud inimese ja optimistlikult meelestatud inimese psühholoogilise mineviku ja tuleviku suhe ning psühholoogilise aja täitumus erinevad oluliselt . </s> <s> Psühholoogiline vanus on seda suurem , mida vähem inimene loodab veel elada ja mida enam on realiseerunud tema psühholoogiline aeg . </s> </p>
<p> <s> Märkimist väärib fakt , et erinevates eluvaldkondades ( tööl , kodus , sõprade keskel jne. ) hindab inimene oma psühholoogilise aja täitumust erinevalt , seega on vastavalt tegutsemise sfäärile erinev ka tema psühholoogiline vanus . </s> <s> Igal juhul on lootus ja h uvi oma tuleviku vastu isiksuse harmooniliseks psühholoogiliseks arenguks väga oluline . </s> <s> Inimene , kellele tulevik ei tõota meeldivat tegevust ja eneseteostust , vananeb psühholoogiliselt enneaegselt . </s> </p>
<p> <s> <hi rend="rasvane"> LISA - Arvutage ise oma psühholoogiline vanus </hi> Kirjutage meile , mis tulemused saite ! </s> </p></div2>
      </div1>
      <div1 type="ajakirjanumber">
        <head> Horisont , 1996 </head>
        <div2 type="artikkel"><head> AD FONTES Elus fossiil ehk kas Eesti ajalugu on alles ? </head>
<p> <hi rend="rasvane"> <s> Eesti lähemat minevikku mäletame kõik . </s> <s> Üheselt ja täpselt on see siiski jäädvustatud paberil - dokumentides , lepingutes , kirjavahetustes , protokollides . </s> <s> Kui hävivad paberid , kaob osa ajaloost … Et Eesti riigi lugu oleks kunagi taastatav , selle nimel tegutseb tänavu seitsmekümneviieseks saav Riigiarhiiv . </s> </hi> </p>
<p> <s> Eesti riiklikule arhiivindusele pandi alus 1920. aastate alguses , alustab oma juttu Riigiarhiivi teadusdirektor <hi rend="kaldkiri"> Tiit Arumäe </hi> . </s> <s> Ühelt poolt oli varasemast ajast säilinud palju “ pabereid ” , mille hoidmine tuli korraldada riiklik ult , teisest küljest aga nägi riik , et ka tema ise hakkab “ tootma ” dokumente , mis tuleb kunagi arhiivi anda . </s> <s> Vanemate dokumentide hoidmiseks loodi Tartusse Riigi Keskarhiiv , Riigiarhiiv asutati samal aastal , käskkiri selle kohta k annab kuupäeva 9. veebruar 1921. </s> </p>
<p> <s> <hi rend="rasvane"> Toompea südames </hi> </s> </p>
<p> <s> Riigiarhiiv asutati eeskätt ja ainult <hi rend="rasvane"> riigiasutuste </hi> dokumentide kogumiseks ja hoidmiseks . </s> <s> Et riigivõim asus siis ja asub ka praegu Tallinnas , sai arhiivigi asukohaks Tallinn . </s> <s> Seda , kuidas riik oma arhiivindust hindas , iseloomustab kujuk alt asjaolu , et 1937 valmis Toompea lossis , riigivõimu keskuses , spetsiaalne arhiivihoone , millest enamus on Riigiarhiivi käsutuses siiani . </s> <s> Oli arvestatud , et nendest ruumidest piisab mitmekümneks aastaks . </s> </p>
<p> <s> 1940. aasta muutis olukorda ja arhiivindust tabas katastroof selleski mõttes , et kuna lõpetati Eesti Vabariigi riigiasutuste töö , lisandus arhiividesse tohutul hulgal dokumente . </s> <s> Riigiarhiivi maja Toompeal sai ootamatult ruttu täis . </s> </p>
<p> <s> <hi rend="rasvane"> Riik ja ametnikud ei mõista </hi> </s> </p>
<p> <s> Kui rääkida Eesti arhiivindusest täna ja tervikuna , siis tuleb tõdeda , et riiklikul tasemel ei ole arhiivindusel praegu isegi seaduslikku tuge , kehtiv valitsusseadus ei näe ette sellist valdkonda kui arhiivindus . </s> <s> Arhiive juhib üks Riigikantselei osakond . </s> <s> Õnneks on viga mõistetud ja hakatud ette valmistama arhiiviseadust , mis taastaks omaette , kogu ülejäänud riigielu läbiva arhiivisüsteemi . </s> </p>
<p> <s> Miks riik arhiividega ikkagi nii üleolevalt käitub ? </s> <s> Põhjus peitub selles , et ei teata , mis tähtsus arhiivindusel ühiskonnas on . </s> <s> Kunagi oli arhiiv nii oluline , et see ehitati “ riigi keskele ” , Toompeale , rõhutab <hi rend="kaldkiri"> Tiit Arumäe </hi> . </s> <s> Tänapäeval ei ole Eestis veel mõistetud , et demokraatlik ühiskond baseerub dokumendile , paberile , et dokumendi säilitamine ja hoidmine on oluline riigi järjepidevuse seisukohalt . </s> </p>
<p> <hi rend="rasvane"> <s> Kui 1920.-1930. aastate elu on praegu sageli võimalik detailselt jälgida , siis tulevikus jääb 1980. aastate lõpp ja 1990. aastate algus uurijatele küll mõistatuseks . </s> <s> Arhiivis on väga lünklik materjal , mille alusel on raske mõista , mis toimus , rõhutab Aimar Altosaar . </s> </hi> </p>
<p> <s> <hi rend="rasvane"> Kui hinnata rahas ? </hi> </s> </p>
<p> <s> Väga raske on öelda , milline Riigiarhiivis säilitatav dokument on kõige tähtsam , kõige haruldasem . </s> <s> Dokumendi väärtus sõltub suuresti kasutajast . </s> <s> Ühe jaoks on väärtuslik Iseseisvusmanifest , teise jaoks esimese klaasi õpilaste nimekiri , kus on kirjas tema vanaisa . </s> </p>
<p> <s> Kui fantaseeriks ja kujutaks ette , et oleme oksjonil , näiteks Rios ? </s> <s> Seal saaks kõige suuremat raha ehk mõne Hitleri allkirjaga pöördumise eest , sest see nimi on maailmakuulus , arvavad vestluskaaslased . </s> <s> Tegelikult on arhivaali väärtust rahas pea võimatu väljendada , sest riigi omanduses olevaid dokumente ei müüda . </s> <s> Ja arvatavasti ei annaks paljude paberite eest keegi sentigi . </s> <s> Kuid näiteks Eesti riiklust puudutavad dokumendid on kahtlemata hin damatud . </s> </p>
<p> <s> <hi rend="rasvane"> Piisaks ühest halvast inimesest </hi> </s> </p>
<p> <s> Arhiivis säilitatav <hi rend="rasvane"> on </hi> väärtuslik . </s> <s> Neid väärtusi tuleb kaitsta , kuid probleeme on klimaatilise turvamisega ning vahendeid nõuaks ka dokumentide kaitsmine pahatahtlike inimeste eest , aga rohkemaks pole praegu võ imalusi ( loe : raha ) . </s> <s> Tuleb siiski loota , et kõigist raskustest hoolimata võimalikult palju Eesti ajalugu alles jääb ! </s> </p>
<p> <bibl> <author> <s> Vahendas Kärt Jänes-Kapp </s> </author> </bibl> </p>
<p> <s> Riigiarhiivis kuuldust pikemalt </s> </p>
<p> <s> “ Horisondis ” nr.3 </s> </p></div2>
      </div1>
      <div1 type="ajakirjanumber">
        <head> Horisont , 1996 </head>
        <div2 type="artikkel"><head> INTERNETI KAUDU MAAILMA 2 </head>
<p> <bibl> <author> <s> VELJO SINIVEE </s> </author> </bibl> </p>
<p> <s> <hi rend="rasvane"> Kuumad uudised </hi> </s> </p>
<p> <s> Teateid olnust olevatele saab lugeda võrgu uudistegruppidest ( <hi rend="kaldkiri"> Newsgroups </hi> ) . </s> <s> Nendega liitumise võimalus on olemas kõigis “ võrgutamise ” programmides . </s> <s> <hi rend="kaldkiri"> Netscape'is </hi> ( versioon 2.0 ) kargab klahvile <hi rend="kaldkiri"> Newsgroups </hi> vajutamisel ekraanile aken teatega , millistesse rubriikidesse on võimalik end üles anda . </s> <s> Klikkinud aknas olevale nupule <hi rend="kaldkiri"> Viewall newsgroups </hi> , loetakse pärast mõningast mõtlemist ja vintsi kõristamist ette kõik teid teenindavale serverile tuntud uudised . </s> <s> Jutud on ilusasti teemade ja alamteemade kaupa ära jagatud . </s> <s> Oma huvi mõne ala vastu saab üles näidata tema nimest vasakul olevasse ruutu ( hiirega ) risti tehes . </s> <s> Valitud teemale vastavaid nupukesi võib lugeda ka ilma igasuguse registreerimiseta , klikkides lihtsalt artikli nime peal . </s> <s> Sageli tasubki nii teha , sest huvitavate nimede all on palju igasugu tühja-tähja . </s> <s> Näiteks grupis <hi rend="rasvane"> alt.destroy.microsoft </hi> on terve hulk märkusi selle kohta , kui vilets <hi rend="kaldkiri"> Win95 </hi> ikka on ( see pole ju ammu uudis ! ) . </s> <s> Nimekirja üle vaadanud , vajutage klahvile <hi rend="kaldkiri"> Subscribe to selected newsgroups </hi> . </s> <s> Edaspidi teid enam kogu maailma kollase kirjandusega ei tülitata . </s> </p>
<p> <s> Kodu-uudiste ülevaate leiate aadressilt <hi rend="kaldkiri"> <hi rend="rasvane"> <gap rend="hüperlink"/> </hi> </hi> . </s> <s> Samas serveris on viitasid ka muudele Eesti kohta infot pakkuvatele <hi rend="kaldkiri"> web'i </hi> lehekülgedele : </s> </p>
<p> <s> 1. füüsiliselt Soomes asuv eestimeelne ja -keelne server <hi rend="kaldkiri"> <hi rend="rasvane"> <gap rend="hüperlink"/> </hi> </hi> ; </s> </p>
<p> <s> 2. CIA teateid meie kohta ( aastast 1994 ja varasemad ) </s> </p>
<p> <s> <hi rend="kaldkiri"> <hi rend="rasvane"> <gap rend="hüperlink"/> </hi> </hi> ; </s> </p>
<p> <s> 3. USA riigidepartemangu hoiatused reisile minejatele ( ka Eesti kohta ! ) </s> </p>
<p> <s> <hi rend="kaldkiri"> <hi rend="rasvane"> <gap rend="hüperlink"/> </hi> </hi> <hi rend="rasvane"> ; </hi> </s> </p>
<p> <s> 4. sama asutuse ülevaade inimõiguste alasest seisust Eestis <hi rend="kaldkiri"> <hi rend="rasvane"> gopher : //gopher.voa.gov/00/pub/documents/human_rights_94/estonia.html. </hi> </hi> </s> </p>
<p> <s> Eesti uudisteserverite loetelu on saadaval EENET'i leheküljel <hi rend="kaldkiri"> ( <hi rend="rasvane"> <gap rend="hüperlink"/> </hi> ) . </hi> </s> </p>
<p> <s> Eespool kirjeldatud gruppides ei ole tegelikult uudiseid sellisel kujul , nagu me oleme harjunud lehest lugema . </s> <s> <hi rend="kaldkiri"> Newsgroup'id </hi> on rohkem võrgu kasutajate vestlusringid , kus räägitakse kõigest , mis keelel ja meelel . </s> <s> Maailmauudiseid võib leida aadressilt : </s> </p>
<p> <s> <hi rend="kaldkiri"> <hi rend="rasvane"> <gap rend="hüperlink"/> ? </hi> </hi> </s> <s> <hi rend="kaldkiri"> <hi rend="rasvane"> Dcticker.html </hi> . </hi> </s> </p>
<p> <s> Lugeda saab nupukeensi poliitikast , ärist , spordist jne. </s> <s> Enne Kanaari saartele puhkama minekut võiks vaadata ilmateadet ( samal aadressil , vajutada sõnale <hi rend="kaldkiri"> Weather </hi> ) . </s> <s> Kogenud meteoroloog muidugi teiste kirjutatud ennustusi ei usu ja koostab oma . </s> <s> Talle on abiks samast leitavad ja iga tunni tagant uuendatavad satelliidipildid . </s> <s> Need leheküljed kuuluvad tegelikult CNNile <hi rend="kaldkiri"> ( <hi rend="rasvane"> <gap rend="hüperlink"/> </hi> ) . </hi> </s> </p>
<p> <s> Veel üks silma hakanud uudiseid pakkuv lehekülg asub Eestist umbes 80 km kaugusel , kuid on kättesaadav ka aadressil <hi rend="kaldkiri"> <hi rend="rasvane"> <gap rend="hüperlink"/> </hi> </hi> . </s> </p>
<p> <s> Võrgust satutakse millegi asjaliku peale tavaliselt juhuslikult ringi ekseldes . </s> <s> Mis teha siis , kui pole aega sihitult ringi uidata ? </s> </p>
<p> <s> <hi rend="rasvane"> Vaatame ringi Eestis </hi> </s> </p>
<p> <s> On olemas selline vahva koht , nagu <hi rend="kaldkiri"> <hi rend="rasvane"> <gap rend="hüperlink"/> </hi> . </hi> </s> <s> Seal on kirjas kõik eesti www-serverid . </s> <s> Uute serverite või teenuste jaoks on oma rubriik . </s> <s> Nii võib leida ajalehti ( Sõnumileht , Kodukiri jne. ) , ajakirju , koole , jutukaid ( <hi rend="kaldkiri"> The Roadkill Café <hi rend="rasvane"> telnet : //cache.uninet.ee : 5555 </hi> </hi> ) ja janu korral ka ühe hubase kõrtsi : <hi rend="kaldkiri"> <hi rend="rasvane"> <gap rend="hüperlink"/> </hi> </hi> </s> </p>
<p> <s> Viimatinimetatud serveril on üks pisike puudus - hinnakirjades nimetatud jooke ei saa oma arvutisse <hi rend="kaldkiri"> download'ida . </hi> </s> <s> Ehk tulevikus … </s> </p>
<p> <s> Uurida tasub ka valmimisel olevaid lehekülgi . </s> <s> Näiteks <hi rend="kaldkiri"> <hi rend="rasvane"> <gap rend="hüperlink"/> </hi> </hi> tervitab teid vahvalt . </s> <s> Arvuti ostmiseks firma valimisel aitab kindlasti <hi rend="kaldkiri"> byrosaurus </hi> ( <hi rend="kaldkiri"> <hi rend="rasvane"> <gap rend="hüperlink"/> </hi> </hi> ) . </s> </p>
<p> <s> Nojah . </s> <s> Me ju pidime midagi asjalikku otsima ja kiiresti kah veel . </s> <s> Infot saab ilmselt raamatukogusid külastades . </s> <s> Õnneks ei ole enam vaja tolmustes kartoteegikastides sobrada , sest moodsad raamatukogud on nüüd ka <hi rend="kaldkiri"> on-line . </hi> </s> <s> Rahvusraamatukogu asub ( virtuaalsel ) aadressil : <hi rend="kaldkiri"> <hi rend="rasvane"> <gap rend="hüperlink"/> </hi> </hi> , kuid esialgu sealt peale fotode midagi ei leia . <hi rend="kaldkiri"> <hi rend="rasvane"> Http : // <gap rend="hüperlink"/> </hi> </hi> pakub infot nii Eesti kui ka Läti , Leedu ja Venemaa kohta . </s> <s> Muu hulgas on olemas näiteks Eesti infoserverite klikitav kaart . </s> </p>
<p> <s> Tartu ülikooli raamatukogu <hi rend="kaldkiri"> <hi rend="rasvane"> <gap rend="hüperlink"/> </hi> </hi> annab oma kataloogid lahkesti võrguüldsuse käsutada ja kasutada . </s> <s> Nende infoosakond pakub teavet ka teiste kogude ja andmebaaside kohta . </s> </p>
<p> <s> Teaduste Akadeemia fondid on samuti <hi rend="kaldkiri"> Neti </hi> soppidesse üle kolinud - <hi rend="kaldkiri"> <hi rend="rasvane"> <gap rend="hüperlink"/> </hi> </hi> . </s> <s> Muu maailma raamatukogude nimekirju leiab mitmetest kohtadest , näiteks <hi rend="kaldkiri"> <hi rend="rasvane"> <gap rend="hüperlink"/> </hi> </hi> . </s> <s> Järgnevalt toon ära paari <hi rend="kaldkiri"> on-line </hi> andmebaasi võrguaadressid : </s> </p>
<p> <s> 5. <hi rend="rasvane"> Distance Education Database Inglismaa Open University's . </hi> </s> <s> Kasutamine on hetkel tasuta , kuna asutuses ei suudeta hinnas kokkuleppele jõuda . </s> <s> Aadress : <hi rend="rasvane"> <hi rend="kaldkiri"> telnet : //acsvax.open.ac.uk </hi> </hi> ; kasutajanimi : <hi rend="rasvane"> <hi rend="kaldkiri"> ICDL ; account code : ESTONIA </hi> ; </hi> parool : <hi rend="rasvane"> <hi rend="kaldkiri"> aaa </hi> </hi> ) . </s> </p>
<p> <s> 6. <hi rend="rasvane"> ECHO </hi> ehk siis <hi rend="rasvane"> European Commission Host Organization </hi> . </s> <s> Tegemist on Euroopa Ühenduse infosüsteemide arengu soodustamiseks loodud organisatsiooniga . </s> <s> Aadress : <hi rend="rasvane"> <hi rend="kaldkiri"> telnet : //echo.lu </hi> ; </hi> kood on <hi rend="rasvane"> XT89925D . </hi> </s> </p>
<p> <s> 7. <hi rend="rasvane"> Information Market - Europe </hi> . </s> <s> Annab infot Euroopast ja tema elektroonsest infoturust . </s> </p>
<p> <s> Aadress : <hi rend="kaldkiri"> <hi rend="rasvane"> <gap rend="hüperlink"/> </hi> </hi> . </s> </p>
<p> <s> Võrgust info leidmiseks on mõttekas kasutada otsinguroboteid . </s> <s> Nad oskavad etteantud võtmesõnade järgi leida nii konkreetseid artikleid , andmebaase , raamatukogusid kui ka lihtsalt antud teemat puudutavaid jutukesi . </s> <s> Roboteid mahub võrguavarustesse palju . </s> <s> Seega , kui mõnel neist on klientide teenindamisest hing kinni jäänud või on ta liiga rumal , et osata meie probleemi lahendada , tuleb valida lihtsalt järgmine . </s> </p>
<p> <table><head> OTSINGUROBOTID </head><row><cell rows="1" cols="1"> <hi rend="rasvane"> Infoseek </hi> </cell><cell rows="1" cols="1"> <hi rend="rasvane"> <hi rend="kaldkiri"> <gap rend="hüperlink"/> </hi> </hi> </cell></row><row><cell rows="1" cols="1"> otsib veel uudistegruppidest , <hi rend="kaldkiri"> Usenet'i </hi> KKKdest ja ka teemade kaupa </cell></row><row><cell rows="1" cols="1"> <hi rend="rasvane"> Open_Text_Index </hi> </cell><cell rows="1" cols="1"> <hi rend="rasvane"> <hi rend="kaldkiri"> <gap rend="hüperlink"/> </hi> </hi> </cell></row><row><cell rows="1" cols="1"> andmebaasis üle 21 mi-ljoni sõna . Suvalise pikkusega päringud , otsib ka ainult pealkirju/viiteid </cell></row><row><cell rows="1" cols="1"> <hi rend="rasvane"> Alta Vista </hi> </cell><cell rows="1" cols="1"> <hi rend="rasvane"> <hi rend="kaldkiri"> <gap rend="hüperlink"/> </hi> </hi> </cell></row><row><cell rows="1" cols="1"> tunneb ligi 13000 uudis-tegruppi ja 16 miljonit <hi rend="kaldkiri"> web'i </hi> lehekülge </cell></row><row><cell rows="1" cols="1"> <hi rend="rasvane"> Deja News Research Service </hi> </cell><cell rows="1" cols="1"> <hi rend="rasvane"> <hi rend="kaldkiri"> <gap rend="hüperlink"/> </hi> </hi> </cell></row><row><cell rows="1" cols="1"> <hi rend="kaldkiri"> Usenet'i </hi> uudistearhiivi otsija , erinevad päringuvõimalused </cell></row><row><cell rows="1" cols="1"> <hi rend="rasvane"> Exite </hi> </cell><cell rows="1" cols="1"> <hi rend="rasvane"> <hi rend="kaldkiri"> <gap rend="hüperlink"/> </hi> </hi> </cell></row><row><cell rows="1" cols="1"> Annab ka võrguülevaateid - kasulik ajakirjanikele </cell></row><row><cell rows="1" cols="1"> <hi rend="rasvane"> Lycos </hi> </cell><cell rows="1" cols="1"> <hi rend="rasvane"> <hi rend="kaldkiri"> <gap rend="hüperlink"/> </hi> </hi> </cell></row><row><cell rows="1" cols="1"> <hi rend="kaldkiri"> Web Crawler'i </hi> automaatsed nimekirjad annavad iga päev juurde tuhandeid uusi artikleid </cell></row><row><cell rows="1" cols="1"> <hi rend="rasvane"> NlightN </hi> </cell><cell rows="1" cols="1"> <hi rend="rasvane"> <hi rend="kaldkiri"> <gap rend="hüperlink"/> </hi> </hi> </cell></row><row><cell rows="1" cols="1"> ka eraandmebaasid , saab tellida infot , mida võrgus veel pole </cell></row><row><cell rows="1" cols="1"> <hi rend="rasvane"> Web Crawler Searching </hi> </cell><cell rows="1" cols="1"> <hi rend="rasvane"> <hi rend="kaldkiri"> <gap rend="hüperlink"/> </hi> </hi> </cell></row><row><cell rows="1" cols="1"> Firma <hi rend="kaldkiri"> America Online </hi> andmebaas lubab otsida artikleid pealkirja ja sisu järgi </cell></row><row><cell rows="1" cols="1"> <hi rend="rasvane"> Who Where </hi> </cell><cell rows="1" cols="1"> <hi rend="rasvane"> <hi rend="kaldkiri"> <gap rend="hüperlink"/> </hi> </hi> </cell></row><row><cell rows="1" cols="1"> otsib võrgust firmasid ja üksikisikuid isegi veidi valede nimetuste järgi </cell></row><row><cell rows="1" cols="1"> <hi rend="rasvane"> Yahoo </hi> </cell><cell rows="1" cols="1"> <hi rend="rasvane"> <hi rend="kaldkiri"> <gap rend="hüperlink"/> </hi> </hi> </cell></row><row><cell rows="1" cols="1"> <hi rend="kaldkiri"> Neti </hi> üks esimesi teejuhte , sinna saab panna teate ka oma isikliku kodulehekülje reklaamimiseks </cell></row></table> </p>
<p> <s> Iga nuhi sabas on kindlasti veel üks nuhk . </s> <s> Nii on ka päringurobotite otsimiseks vahendeid : </s> </p>
<p> <s> 8. <hi rend="kaldkiri"> <hi rend="rasvane"> CUSI ( <gap rend="hüperlink"/> ) </hi> </hi> firma <hi rend="kaldkiri"> Nexor </hi> programm , millel on palju “ tuttavaid ” võrguotsijaid ; </s> </p>
<p> <s> 9. <hi rend="kaldkiri"> <hi rend="rasvane"> W3 Search Engines ( <gap rend="hüperlink"/> ) </hi> </hi> Genfi Ülikooli töö . </s> <s> Omab suuri varusid , kuid teda täiendatakse siis kui viitsitakse . </s> </p>
<p> <s> Mõnele “ võrgutajale ” meeldib rohkem niisama ringi surfata . </s> <s> Ka sellisel juhul on vaja mingitki punkti , kust rännakut alustada . </s> <s> Proovige näiteks <hi rend="kaldkiri"> Mosaic'i </hi> “ kodust ” <hi rend="kaldkiri"> <hi rend="rasvane"> <gap rend="hüperlink"/> </hi> </hi> Kui liinid on punased , laseme neil jahtuda ja eelistame parem eestimaist Meediamaa väljaannet <hi rend="kaldkiri"> <hi rend="rasvane"> <gap rend="hüperlink"/> </hi> </hi> . </s> </p>
<p> <s> Mingi organisatsiooni kodulehekülje aadressi on võimalik ka “ klaviatuurist välja imeda ” , kui teatakse mõnda lihtsat reeglit . </s> <s> Käsus kõige ette kirjutatav <hi rend="kaldkiri"> <hi rend="rasvane"> http:// </hi> </hi> viitab hüperteksti kasutamisele . </s> <s> <hi rend="kaldkiri"> Web'i </hi> lehtedes nii ongi . </s> <s> Järgneb tavaliselt grupp <hi rend="kaldkiri"> <hi rend="rasvane"> www </hi> </hi> , mis näitab , et tegemist on <hi rend="kaldkiri"> World Wide Web </hi> formaadis leheküljega . </s> <s> Edasi tuleb konkreetse asutuse või firma arvuti nimi ( näiteks Louvre , Philips , MTV3 ) . </s> <s> Aadressi lõpetab maa tunnus ( Eesti puhul <hi rend="kaldkiri"> <hi rend="rasvane"> ee </hi> </hi> , Soomes <hi rend="kaldkiri"> <hi rend="rasvane"> fi </hi> </hi> , Prantsusmaal <hi rend="kaldkiri"> <hi rend="rasvane"> fr </hi> </hi> jne ) . </s> <s> Soome televisiooni kanal MTV omab seega aadressi : <hi rend="kaldkiri"> <hi rend="rasvane"> <gap rend="hüperlink"/> </hi> </hi> . </s> <s> Ameerikaga on natuke teine lugu . </s> <s> Seal on mehed , kes kannavad <hi rend="kaldkiri"> Camel boots'e </hi> ja käivad omi radu . </s> <s> Kuna USAd tunneb nende arvates kogu muu mmaailm , ei peeta vajalikuks maa koodi kasutamist . </s> <s> Selle asemel on sümbolitegrupp , mis viitab antud asutuse liigile ( <hi rend="kaldkiri"> <hi rend="rasvane"> gov </hi> </hi> - valitsusasutus , <hi rend="kaldkiri"> <hi rend="rasvane"> com </hi> </hi> - firma , <hi rend="kaldkiri"> <hi rend="rasvane"> edu </hi> </hi> - ülikoolid või muud õppeasutused ) . </s> </p>
<p> <s> <hi rend="rasvane"> Sellel aadressil öeldakse <hi rend="kaldkiri"> Error 404 </hi> . </hi> </s> <hi rend="rasvane"> <s> Milles asi ? </s> </hi> </p>
<p> <s> Paljud serverid jalutavad aeg-ajalt mööda võrguavarusi ringi , et endale soojemat pesa leida . </s> <s> See , et tuttavalt aadressilt enam tuttavaid eest ei leia , on normaalne asi . </s> <s> Nad on jälle kolinud ! </s> <s> Tavaliselt jätab serveri omanik vanale aadressile mõneks ajaks teate , kust teda nüüd leida võib . </s> <s> Kui seda pole , kasutage “ aadressbürood ” ( ehk siis otsinguroboteid ) . </s> <s> Nemad teavad küll . </s> </p>
<p> <s> Seekordse võrgutamise lõpuks pakuks miskit huvitavat laiast mailmast . </s> <s> Nimelt võib iga kriminullide sõber nüüd tutvuda New Yorgi mafioosodega . </s> <s> Toksige masinasse aadress <hi rend="kaldkiri"> <hi rend="rasvane"> <gap rend="hüperlink"/> </hi> </hi> ning teie ees avaneb värvikas ja põhjalik graafikutega varustatud ülevaade viiest oletatavast New Yorgi maffiabossist . </s> <s> Raporti koostaja mister <hi rend="kaldkiri"> Alan Munn </hi> ( huvitav , kas ta on veel elus ? ) toetub põhiliselt kohtuaruannetele ja ajakirjanduse materjalidele Muu hulgas saame teada ka Genfi maffiaperekonna oletatava bossi Vincent “ The Chin ” Gigante New Yorgi kodule lähima metroojaama nime . </s> <s> Selliste asjade teadmine võib mõjuda halvasti teie tervisele , kuid huvitav koht on too <hi rend="kaldkiri"> web'i </hi> leht kindlasti . </s> </p>
<p> <s> Kui automaatidega varustatud mehed juba uksele koputavad , tasub proovida aadressi <hi rend="kaldkiri"> <hi rend="rasvane"> <gap rend="hüperlink"/> </hi> </hi> , kus Nashville'i politsei leitnant <hi rend="kaldkiri"> Ken Pence </hi> jagab oma laialdasi teadmisi . </s> <s> Muu hulgas on seal terve enesekaitse lehekülg . </s> <s> Samas serveris on ka kuulus test , määramaks , kui tõenäoliselt te kuriteo ohvriks langete . </s> <s> Tuleb vaid vastata mõnedele küsimustele ja vajutada <hi rend="kaldkiri"> Submit </hi> klahvile ning tulemus ongi välja raalitud … </s> </p>
<p> <s> Järgmine kord tegeleme rahulikumate asjadega , näiteks kuulame muusikat . </s> <s> Senikaua otsige endale mõni <hi rend="kaldkiri"> soundikaart </hi> . </s> </p>
<p> <s> <hi rend="rasvane"> Head võrgutamist ! </hi> </s> </p>
<p> <s> VELJO SINIVEE ( 1964 ) on Tallinna Tehnikaülikooli füüsika instituudi elektroonikainsener </s> </p>
<p> <s> ( <hi rend="rasvane"> e-post : felc@ce.ttu.ee </hi> ) . </s> </p></div2>
      </div1>
      <div1 type="ajakirjanumber">
        <head> Horisont , 1996 </head>
        <div2 type="artikkel"><head> KATUS VÕI VIHMAVARI ? </head>
<p> <hi rend="rasvane"> <s> Mis saab Eesti teadusest ? </s> <s> Kui kindlalt võib end tunda Eesti teadus ja teadlaskond ? </s> <s> Need küsimused südamel , pöördusin haridusministri prof. Jaak Aaviksoo poole . </s> </hi> </p>
<p> <hi rend="kaldkiri"> <s> Töötasite pikki aastaid Tartus Füüsika Instituudis , olete teaduste doktor , Eesti TA akadeemik . </s> <s> Millal viimati ise laboris eksperimenteerisite ? </s> </hi> </p>
<p> <s> Laboris olin viimati eelmisel nädalal ja see asub endiselt Füüsika Instituudis . </s> <s> Nii on see olnud 1992. aastast , mil mind valiti Tartu Ülikooli professoriks , kuigi eelkõige tuli mul asuda ülikooli prorektori kohuseid täitma . </s> <s> Olen praegugi veel Tartu Ülikooli eksperimentaalfüüsika instituudi juhataja kohustes . </s> <s> Sellele ametipostile asunud , alustasin ülikooli füüsikaosakonna teadussuundade põhjalikku moderniseerimist . </s> <s> Et töö sai ette võetud hulk aega varem , kui mulle ministri tooli pakuti , siis pean enda algatatud tegevuse niisugusele tasemele viima , et võiksin oma kohustused südamerahuga teistele üle anda . </s> <s> Mu enda teadustöö baas asub aga jätkuvalt Füüsika Instituudi ruumides , mis kõneleb ka ülikooli ja akadeemilise teadusasutuse heast koostööst . </s> <s> Et teadustöö päris unarusse ei jääks , olen püüdnud ühe päeva nädalas füüsikale pühendada . </s> <s> Veidi nõu tuleb anda ka doktorandile <hi rend="kaldkiri"> Indrek Reimanile </hi> , kes peagi valmistub oma doktoriväitekirja kaitsma . </s> </p>
<p> <hi rend="kaldkiri"> <s> Eesti Haridusministeerium on nüüd katuseks Eesti Teaduste Akadeemia endistele uurimisasutustele . </s> <s> Kas see katus on ka vettpidav ? </s> </hi> </p>
<p> <s> Tõepoolest , täna on ministeerium katuseks enamikule instituutidest , ehkki mitte kõigile . </s> <s> Tulevikus oleks mõeldav , et mõni endine akadeemia asutus oleks majandus- , põllumajandus- või keskkonnaministeeriumi halduses . </s> <s> Teatud mõttes on need asutused jäänud küll ka vihma kätte , kuigi formaalne vihmavari on pea kohal . </s> <s> Näiteks ei suuda haridusministeerium täita seda rolli , mis varem Teaduste Akadeemia , sest puudub tavaline akadeemiline pädevus . </s> <s> Tuleviku jaoks oleks vaja leida niisugune lahendus , mis sellegi probleemi lahendaks - selleks tuleb parandada teaduskorralduse seadust . </s> <s> Praegu on seal mitmeid vasturääkivaid norme , mis on tekitanud kahetsusväärse segaduse . </s> </p>
<p> <s> <hi rend="kaldkiri"> Kuidas kooskõlastada teadusalast koostööd kõrgkoolide ja uurimisinstituutide vahel ? </hi> </s> </p>
<p> <s> Usun , et lähemas tulevikus polegi seda vaja administratiivselt koordineerida , kuna akadeemilised teadusasutused töötavadki ülikoolide juures . </s> <s> Enamuses . </s> <s> Üks osa neist võib jääda kohalike omavalitsuste rüppe , nagu seda on Tallinna linnale praegu botaanikaaed , teised oleksid riiklikud teadusasutused , mis kuuluksid ministeeriumidele ja kus toimuks eelkõige riiklike arendusülesannete täitmine . </s> <s> Need oleksid enamasti rakendusliku suunitlusega asutused , mis tegeleksid pikemaajaliste prognooside ja strateegiatega . </s> </p>
<p> <s> Ettevalmistamisel on Teaduste Akadeemia seadus , kus oleks võimalik sätestada ka Teaduste Akadeemia asutuste olemasolu . </s> <s> Seetõttu pole välistatud , et mõned teaduasutused hakkavad edaspidi kuuluma taas Teaduste Akadeemiale . </s> <s> Tartu Observatoorium näiteks . </s> </p>
<p> <hi rend="kaldkiri"> <s> Teadlased kurdavad üsna sageli , et nemad on kuidagi valitsuse tähelepanust kõrvale jäänud või vähemalt see tähelepanu pole olnud küllaldane . </s> </hi> <s> <hi rend="kaldkiri"> Mida sellest arvate </hi> ? </s> </p>
<p> <s> Eks sel kurtmisel ole oma tõepõhi all . </s> <s> Õnneks täna tundub , et Eesti riigis kasvab siiski tunnetatud vajadus teaduslike teadmiste järel . </s> <s> Nii ministeeriumide kui ka valitsuse tasemel on ilmnenud ikka ja jälle , et otsuste tegemiseks oma teadmistest napib . </s> <s> Ja kui kasvab vajadus teadmiste järele , küll siis sünnib riiklik tellimus ning leitakse ka raha tellimuse täitmiseks . </s> <s> Praegu kulub rahvuslikust koguproduktist teadusele 0,36 protsenti . </s> <s> Seda on väga vähe . </s> <s> See protsent võiks läheneda ühele , millele lisanduks veel üks protsent erasektori investeeringutest . </s> </p>
<p> <hi rend="kaldkiri"> <s> Mõnel alal võib varsti juba hilja olla riikliku tellimusega teadlaste poole pöörduda ? </s> <s> Kohalikud ajud on juba maailma rändama läinud ? </s> </hi> </p>
<p> <s> Jah , ka nii võib mõnes valdkonnas juhtuda . </s> <s> Siiski ei ületähtsusta ma tippteadlaste lahkumist Eestist . </s> <s> Tõsi , viimase viie aasta jooksul on teadlaste arv meil vähenenud viiendiku võrra , ometi on teadlaste avaldatud artiklite arv tublisti kasvanud . </s> <s> Valdav enamus tunnustatud tippteadlastest töötab Eestis edasi . </s> <s> Palju rohkem tekitab mulle muret hoopis noorte vähene juurdetulek teadusse . </s> <s> Esiteks kipuvad Läände õppima läinud noored meile kaduma minema , sest neil pole kuhugi tagasi tulla . </s> <s> Ja teiseks , doktorantuuri ei astu alati kõige andekamad noored . </s> </p>
<p> <s> <hi rend="kaldkiri"> Arvatavasti ei väärtusta siis noored õigesti teadust ja teaduslikku tegevust . </hi> </s> </p>
<p> <s> Tõepoolest , teadus iseenesest ei ole noorte hulgas praegu populaarne . </s> <s> Ülikooligi ei minda sageli teadmisi saama , vaid taotlema kitsast ja kasulikku kutseharidust . </s> <s> Samasugused nähtused on üleminekuaegadel ette tulnud ka teistes riikides , näiteks pärast sõda Soomes . </s> </p>
<p> <s> Ümberkorraldustega ühiskonnas tekib palju uusi , sealhulgas küllalt atraktiivseid töökohti , mis nõuavad eelkõige uusi oskusi . </s> <s> Ja nende kohtade täitmisel on noor endast vanema inimese ees eelistatud olukorras , sest viimane enam uusi oskusi nii kergesti ei omanda . </s> <s> Kahjuks kipub see tänane noorte põlvkond “ kadunud ” põlvkonnaks kujunema , sest nendest , sageli formaalselt lõpetamata teadmistest , millega praegused 20-25aastased noored edukalt uutele töökohtadele asuvad , jääb kümne aasta pärast väheseks . </s> <s> Siis tahavad firmade omanikud neid täies elujõus noori juba välja vahetada . </s> </p>
<p> <s> <hi rend="kaldkiri"> Kelle vastu ? </hi> </s> </p>
<p> <s> Neist 5 … 6 aastat nooremate , kuid juba korraliku hariduse saanud noormeeste-neidude vastu , kel seljataga kas magistriõpe või doktorantuur ning kes on paar aastat töötanud ka välismaal . </s> <s> Neil on eelkäijatega võrreldes laiem haare , nad on paindlikumad ja tunduvalt perspektiivikamad . </s> <s> Välismaa pankades ja nimekates firmades ei ole osakonnajuhatajatena tööl ühtegi pooliku haridusega inimest . </s> <s> See on paratamatu , et praegused vajaliku hariduseta 25aastased osakonnajuhatajad on 5 … 10 aasta pärast oma praegusest leivast ilma . </s> <s> Kui ma sellest räägin teise-kolmanda kursuse üliõpilastele , siis nad ei usu seda . </s> <s> Nad jätavad ülikooli pooleli lihtsalt sellepärast , et lähevad tööle , kus teenivad küll paar-kolm korda rohkem kui neile loenguid pidavad professorid ning elavad hetkel sissetulekute poolest keskmisest tunduvalt paremini , kuid ei anna endale aru , mis nendega võib lähitulevikus juhtuda . </s> </p>
<p> <s> Meile kui teadlastele teeb muret seegi , et nii on kadumas ka teadustöö tegemise kultuur ja selleks vajalik atmosfäär . </s> </p>
<p> <hi rend="kaldkiri"> <s> Võib-olla on häda ka selles , et teadlasi ei peetagi ühiskonnas eesti kultuuri kandjaiks võrdväärselt muu loomingulise intelligentsiga ? </s> <s> Mis saab siis niiviisi veel fundamentaaluuringutest ? </s> </hi> </p>
<p> <s> Alati leidub selliseid noori , kellele teaduses on oma võlu ja kes oma eesmärkide elluviimisel ei sea esikohale palka ja hetkekonjunktuuri . </s> <s> Vähemalt esialgu võib nende peale loota , kuigi neid ei ole palju . </s> </p>
<p> <s> Teisalt , meil on ju aastakümnetega välja arendatud mitmetel aladel rahvusvaheliselt arvestatavad teadussuunad . </s> <s> Kahjuks ei suuda Eesti riik neid kõiki praeguses mahus säilitada . </s> <s> Ääretult rumal oleks aga hoolimatult kaotada see inimpotentsiaal ja need rahvusvaheliselt tunnustatud koolkonnad , mis meil on . </s> <s> Üks sobivamaid võimalusi on suunata tugevad teadlased tarvilikele aladele , kus nende kogemusi ja teadmisi tulemuslikult kasutada saab . </s> </p>
<p> <s> <hi rend="kaldkiri"> See tähendab , et meil on hulk teadlasi , kes praegusel hetkel ei leia õiget rakendust ? </hi> </s> </p>
<p> <s> Just nimelt . </s> <s> Paljud neist oleksid valmis ja võimelised teenima teistsuguseid eesmärke , kui seni . </s> <s> Eesti riigile on hetkel oluline näiteks Sillamäe tehase tehnoloogia . </s> <s> Sellele alale sobiksid inimesed , kes on saanud oma teadmised ja oskused mingil fundamentaalalal , on kursis värske erialakirjanduse ja tehnoloogia uudsete suundadega ning võimelised mõistliku ümberõppimise järel tehasega seotud probleeme analüüsima . </s> <s> See on igal juhul operatiivsem ja odavam , kui koolitada päris uusi inimesi või palgata Lääne konsultante . </s> <s> Muidugi tuleb neile ümberasumiseks luua motivatsioon . </s> <s> Teame , et sageli kutsutakse meile väliseksperte , kellele makstakse sada korda enam kui oma inimestele . </s> <s> Miks siis Eesti teadlastele ei võiks viis korda rohkem palka maksta , kui see samm on meile sedavõrd tähtis . </s> </p>
<p> <s> <hi rend="kaldkiri"> Kas võib loota , et Eesti praeguses valitsuses hoobade juures olevad inimesed hakkavad ka teadust vajalikul määral väärtustama ? </hi> </s> </p>
<p> <s> Ma kaldun arvama , et olenemata sellest , kes valitsuse toolidel on istunud või istuvad , sõltub teaduse väärtustamine neist tunduvalt vähem , kui ühiskonnas tervikuna hetkel valitsevatest arusaamadest . </s> <s> Näiteks ka astroloogia ja astronoomia vaheline tasakaal peegeldab just tänast ühiskonda , mitte halbu ministreid või teadlasi . </s> <s> Ma ei taha astroloogiat ära kaotada . </s> <s> Aga nimetatud kahe suuna vaheline tasakaalupunkt on ilmselt paigast ära ning ei asu seal , kus arenenud riikides . </s> <s> Aga et see kord õigesse paika nihkuks , selleks ongi vaja inimestele rohkem teadmisi anda . </s> </p>
<p> <hi rend="kaldkiri"> <s> Ilmselt saa ( ksid ) vad siin palju ära teha teadusi-teadmisi populariseerivad väljaanded ja meediakanalid , aga ka teadusleheküljed ajalehtedes , mis vahepeal täiesti kadunud olid ning nüüd siiski hakkavad mõnede ärksamate ajakirjanike olemasolu tõttu pisitasa tagasi tulema . </s> <s> Vahest peaks riik kindlustama ka teadlastele koha , kus nad saaksid oma tõekspidamisi avaldada ja oma tegudest rahvale kirjutada-rääkida ? </s> </hi> </p>
<p> <s> Tõepoolest , Eesti avalik arvamus ei väärtusta teadust sel moel , kui ta seda võiks teha , veelgi enam niiviisi , nagu seda tehakse teistes riikides . </s> <s> Arvan , et kui küsida tavakodanikult , mida on vaja , et Eesti riik jääks püsima , siis peetakse oluliseks eeltingimuseks keelt , võib-olla ka talukultuuri , muusikat , majandust , julgeolekut ja mida iganes . </s> <s> Märksõna “ teadus ” peale vaevalt mõni tuleb . </s> <s> Millest on see tingitud ? </s> <s> Põhjusi on mitmeid . </s> <s> Üks on objektiivne - viimaste aastakümnete jooksul pole olnud paljude probleemide jaoks vaja suuri tarkusi , vaid lihtsat ja tervet “ talupojamõistust ” . </s> <s> Tuli ausalt otsustada ja seda sai teha ka teaduseta . </s> </p>
<p> <s> Mis meediasse puutub , siis viimastel aastatel on ilmselt domineerinud lihtne soov kommertslikult ellu jääda . </s> <s> Näiteks vaadates ajalehtede esilehekülgede stiili , tooni , artikleid , mida seal müüakse , siis pilt on üsna kurb , kaugel sellest , mida ma julgeksin tahta soliidsest ajakirjandusest . </s> <s> Enamasti hakkab silma sensatsiooniline uudis , lihtsakoelistele asjadele teadlikult sissepumbatud intriig jne. </s> <s> Loodame , et koos lugejaga kasvab ka ajakirjandus , paraneb ajakirjanike kutseoskus ning kindlasti nende sügavad tõekspidamised . </s> </p>
<p> <s> Usun ka , et Haridusministeerium ei luba olukorda , kus loodusteadused ja teadused kaoksid ära ajakirjanduspildist täiesti omaette väljaannete näol . </s> </p>
<p> <s> <hi rend="kaldkiri"> Millised on need objektiivsed näitajad , mille järgi hinnatakse teaduspotentsiaali Eestis ja milliseid teaduspoliitilisi otsuseid peetakse mõistlikeks ? </hi> </s> </p>
<p> <s> Teaduse puhul on oluline teadustöö kvaliteet , küsitava kvaliteediga teadustööl pole üldse õigustust , ka siis , kui selle teema või eriala vajalik on . </s> <s> Sest vale või ebaadekvaatne teadmine ei saa põhimõtteliselt kasulik olla . </s> <s> Kasulik saab olla teadmine , mis on kindlaks tehtud , läbi kontrollitud ja põhineb metodoloogial ja arusaamisel , milles ei teki mingit kahtlust . </s> <s> Seetõttu on meil vaja kõrvaldada mitteteadus teadusest ja toetada seda , mis on hea . </s> <s> See on üks teaduspoliitiline põhimõte , millest mina tahaksin juhinduda nii palju kui võimalik . </s> </p>
<p> <s> Teiseks , teadlastele peaks olema omane ümberõppimine ja uue tunnetamine . </s> <s> Nad ei tohiks eluaeg uurida üht ja sama asja , alates üliõpilaspäevist kuni pensionini . </s> <s> Ühe teema peale maksimaalselt viis aastat , ja siis uue asja juurde ! </s> <s> Seejuures käiks suunamine ka riiklikest eelistustest lähtudes . </s> </p>
<p> <s> Kolmandaks , teaduse ja kõrghariduse integreerumine pole ainult seepärast vajalik , et ülikoolis töötaksid parimad teadlased ja meil oleksid võimekad õppejõud , vaid eelkõige seetõttu , et suure osa teadusest teevad alati ja igal pool ära doktorandid ja üliõpilased . </s> </p>
<p> <s> <hi rend="kaldkiri"> Milliseid muudatusi oma ministriks oleku ajal kavatsete Eesti teaduse turgutamiseks lähemal ajal läbi viia ? </hi> </s> </p>
<p> <s> Tasapisi sooviks kasvatada teaduse finantseerimise osakaalu riigi eelarves eelkõige konkurentsivõimelistes rakendussuundades , mis on meile tarvilikud ja kus meil on öelda oma sõna mitte ainult Eestis , vaid ka välismaal . </s> </p>
<p> <s> Riigil peab olema niipalju tarkust , et need plaanid toetust leiaksid . </s> <s> Juba käesoleval aastal loodan , et Kirde-Eestiga seotud tehnoloogiatega ja tema sotsiaalmajandusliku integratsiooniga ning Eesti rahvastiku ja rahva tervisega hakkavad tegelema Eesti tippteadlased . </s> </p>
<p> <s> Tõsi , teadlasi ei saa sundida , kuid tuleb väga selgelt välja öelda , et riik peab nende küsimuste lahendamist ülioluliseks ning leiab oma nappidest vahenditest selleks ka raha . </s> <s> Ja teadlastel jääb siis otsustada , kas nad tegelevad edasi oma lemmikteemaga seniste nappide vahendite ulatuses või nad eelistavad paremaid uurimistingimusi , et kaasata sellesse tegevusse võimalikult palju ka magistrante ja doktorante . </s> <s> Kui vajalik tunnetuslik moment on nendel probleemidel sees , siis teadlane hakkab sellega tegelema , ainult raha pärast mitte . </s> <s> Selle piiri tunnetamine jääb ministeeriumi ja tema ametnike ülesandeks , ja kui nad saavad sellega hakkama , suudavad Eesti teadlasedki täita neile pandud lootusi . </s> </p>
<p> <bibl> <author> <s> Usutles <lb/> REIN VESKIMÄE </s> </author> </bibl> </p></div2>
      </div1>
      <div1 type="ajakirjanumber">
        <head> Horisont , 1996 </head>
        <div2 type="artikkel"><head> KOSMOSEAASTA 1994-1995 </head>
<p> <bibl> <author> <s> TÕNU TUVIKENE </s> </author> </bibl> </p>
<p> <bibl> <author> <s> UNO VEISMANN </s> </author> </bibl> </p>
<p> <s> Meie poolt luubi alla võetud perioodist 1994-1995 jääb veidikene varasemasse aega üks tähtsündmusi , mida ei saa samuti siinkohal kuidagi kajastamata jätta . </s> <s> Nimelt lähenes 1993. aasta 12. detsembril startinud Endeavour orbiidil tiirelnud Hubble'i kosmoseteleskoobile HST ja ülejärgmisel päeval tõmbas selle manipulaarhaaratsiga oma lastiruumi . </s> <s> 5. detsembril väljusid aga Story Musgrave ja Jeffrey Hoffman avakosmosesse ning remontisid HST-d ligi kaheksa tundi . </s> <s> Seejärel töötasid avakosmoses veel Kathry n Thornton ja Thomas Akers . </s> <s> Remondi käigus korrigeeriti kosmoseteleskoobi vigast optikasüsteemi kontaktläätse paigaldamisega , kinnitati uus päikesepatarei , parandati güroskoope , arvutisse lisati koprotsessor . </s> <s> Nagu näitasid juba sama aasta detsembris saadu d uued pildid , läks Hubble'i teleskoobi parandamine korda . </s> <s> Tõsi , remont oli NASA andmetel aukartustäratavalt kallis - ligi 700 miljonit dollarit . </s> </p>
<p> <table><row><cell rows="1" cols="1"> <s> <hi rend="rasvane"> Planeetidevahelised automaatjaamad </hi> <lb/> <lb/> Ameerika automaatjaam Clementine oli mõeldud Kuu ja väikeplaneet Geographose uurimiseks . </s> <s> Pärast väljasaatmist 25. jaanuaril 1994 kaardistas ta põhjalikult mitmes spektripiirkonnas Kuud . </s> <s> Mai algul suunati Clementine orbiidile Geographose suunas , kuid a rvutirikke tõttu kulutas ta kogu kütuse , ning polnud enam võimeline oma ülesannet täitma . </s> <s> Selle automaatjaama puhul on huvitav , et peale NASA osales ka “ Tähesõdade ” ettevalmistamiseks loodud ametkond . </s> <lb/> <lb/> <s> 12. oktoobril 1994 lõpetas lennujuhtide korraldusel Veenuse atmosfääris oma eksistentsi selle planeedi pinna radarkaardistamiseks mõeldud USA automaatjaam Magellan . </s> <s> Ta oli startinud kosmosesüstiku Atlantis pardalt 5. mail 1989 ja jõudis kaardistada 98 protsenti Veenuse pinnast . </s> <lb/> <lb/> <s> 6. oktoobril 1990 väljasaadetud Euroopa Kosmoseagentuuri ( ESA ) automaatjaam Ulysses ( Odüsseus ) tegi ka midagi , mida polnud varem tehtud - lendas üle Päikese lõuna- ja põhjapooluse . </s> <lb/> <lb/> <s> Kõige huvitavam on kahtlemata USA automaatjaama Galileo ülesanne . </s> <s> 7. detsembril 1995 sisenes temast juba juulis eraldunud sond Jupiteri atmosfääri , kust andis infot kuni atmosfäärirõhk temast jagu sai . </s> <s> Automaatjaam ise hakkab aga tiirutama selle Päike sesüsteemi suurima planeedi ümber . </s> <lb/> <lb/> <s> Veel enne Jupiteri juurde jõudmist on ta möödunud asteroididest Gaspra ( 29.10.1991 ) ja Ida ( 28.08.1993 ) ning edastanud nendest fotod . </s> <s> Need olid üldse esimesed lähenemised asteroididele . </s> <s> 18. oktoobril 1989 kosmosesüstiku pardalt startinud Galileol on o lnud oma pikal teel mitmeid probleeme , neist tõsiseim -avanemisel takerdunud paraboolantenn . </s> <s> Seetõttu on andmete edastamise kiirus väike ja seatud eesmärke saab täita vaid 70 protsendi ulatuses . </s> </cell><cell rows="1" cols="1"> <s> <hi rend="rasvane"> Fookuses maapind </hi> <lb/> <lb/> 21. aprillil 1995 saatis ESA orbiidile uue maapinna kaugsondeerimise satelliidi ERA-2 . </s> <s> Kuigi ka neli aastat vana ERS-1 oli veel töökorras . </s> <s> ERS-1 on tootnud enam kui miljon pilti 100x100 km , lahutusvõimega 30x30 m. ERS-2 sondeerib maapinda raadiolainet ega aktiivselt , sest tema raadiolokaator kiirgab lühikesi impulsse ning registreerib nende peegeldusi maapinnalt . </s> <s> Lahutusvõime on nii hea , et moodustuvad maapinna ( raadio ) pildid , nende saamist ei takista ka pilved . </s> <s> Altimeetriga mõõdetakse ookeani pinna ta set mõnesentimeetrise täpsusega . </s> <s> Piltide vahendamise keskusel on juba 15 000 tellijat kõigist maailma paikadest . </s> <s> ERS-2 kannab ka osoonikihi monitooringu seadet GOME . </s> <lb/> <lb/> <s> Ümber maakera on kujunenud kolm tehisobjektide rõngast : kõrgustel 875 , 1500 ja 3600 km . </s> <s> Kokku tiirleb neil praegu 60 tuhat 1 … 10 cm mõõtmetega ja kaheksa tuhat üle 10 cm suurust objekti . </s> <s> USA kosmilise ruumi jälgimisteenistus suudab viimastest enamikk u pidevalt jälgida , alates 1957. aastast on jälgitavaid objekte olnud umbes 25 000. Karta võib , et umbes 30 aasta pärast tiirleb ümber Maa kuni 30 miljonit eset . </s> <s> Kasulikud tehiskaaslased hakkavad siis nendega katastroofiliselt põrkuma üks kord iga nelja a asta kohta . </s> <lb/> <lb/> <s> 1994 langetati USAs surmaotsus orbitaaljaamale Freedom . </s> <s> Selle asemel orienteerus NASA koos AKAga ( Venemaa Kosmoseagentuur ) ühisprojektile Alpha , mille ettevalmistamise käigus külastavad USA astronaudid aastail 1995-1997 kümnel korral Venemaa orbitaalj aama Mir . </s> <s> 1997-2000 aga tehakse koos 31 starti Alpha monteerimisks . </s> <s> Üks suurim kannataja Freedomi äralangemisel on ESA , kellel luhtuvad mitte ainult Freedom'ile kavandatud projektid ( Spacelab , Columbus ) , vaid ei jätku ka ruumi järgmistel süstikutel . </s> <s> Oma v anuse tõttu on Mir küll juba üsna kahtlustäratav : täheldatakse suuri temperatuurikõikumisi siseruumis ja tundmatu päritoluga vibratsioone . </s> </cell></row></table> </p>
<p> <s> UNO VEISMANN ( 1934 ) on Tartu Observatooriumi peateadur ja Tartu Ülikooli keskkonnafüüsika instituudi dotsent . </s> </p>
<p> <s> TÕNU TUVIKENE ( 1952 ) on Tartu Observatooriumi insener . </s> </p></div2>
      </div1>
      <div1 type="ajakirjanumber">
        <head> Horisont , 1996 </head>
        <div2 type="artikkel"><head> TELETEKST - TELEPILDI TASUTA KAASANNE . </head>
<p> <bibl> <author> <s> REINO OHLAU </s> </author> </bibl> </p>
<p> <s> Mikroprotsessorid ja digitaaltehnika on vaikselt jõudnud pea igasse kodusse . </s> <s> Nüüdisaegses olmeelektroonikas kasutatakse heli ja pildi töötlemisel üha sagedamini digitaaltehnikat . </s> <s> Viimase areng on kaasa toonud pildi- ja eriti helikvaliteedi olulise paranemise koduses audio- ja videoaparatuuris ning loonud võimalused pakkuda teenuseid , mida analoogajastul võis lugeda ulmeromaanidest . </s> <s> Numbriline signaaliedastus ja -töötlus on kodusesse telerissegi toonud NICAM-digitaalhääle , teleteksti ning mitmeid pildiefekte alates 100-hertsisest pildilaotusest , stoppkaadrist ja pilt-pildis funktsioonidest , kuni võimalusteni , mida ka nõudliku tarbija rahakott enam välja ei kannataks . </s> </p>
<p> <s> Esimese täisdigitaalse teenusena jõudis teleri vahendusel kodudesse teletekst . </s> <s> See on ühesuunaline infoedastussüsteem , mis võimaldab tavalisel telekanalil lisaks pildile ja helile üle kanda teksti ja lihtsamat graafikat . </s> <s> Vastu võtta suudavad seda eranditult kõik telerid . </s> <s> Teleteksti saab vaadata ainult teleritega , millel on teleteksti lisaplokk ehk dekooder . </s> </p>
<p> <s> Tavalist telepildi vastuvõttu teletekst ei häiri , kuna seda saadetakse sel ajal , mil parasjagu pilti ei edastata . </s> <s> Euroopas kasutusel olevas televisioonistandardis laotatakse pilti teleri ekraanile 25 korda sekundis . </s> <s> Pildi moodustab muutuva intensiivsusega elektronkiir , mis 1/25 sekundi jooksul teleri ekraanil 625 korda vasakust äärest paremasse äärde kallutatakse . </s> <s> Pilt laotatakse ekraanile kahe poolkaadri kaupa , rida rea järel ülevalt alla . </s> <s> Elektronkiire jõudmisel ekraani alla paremasse nurka , suunatakse see taas üles vasakusse nurka järgmist poolkaadrit moodustama . </s> <s> Esimeses poolkaadris laotatakse ekraanile pildi paaritud read ja teises poolkaadris pildi paarisread . </s> </p>
<p> <s> Teleri ekraanil tohib elektronkiire tee näha olla ainult liikumisel rida-realt ülevalt alla ( vasakult paremale ) . </s> <s> Tagasiliikumise ajaks tuleb elektronkiir kustutada , kuna vastasel korral oleks näha kiire tee alt üles ehk diagonaalsed triibud ekraanil . </s> <s> ( Rikkis teleri puhul võivad need tõepoolest ka näha olla . ) </s> <s> Aega , mille jooksul elektronkiir alt paremast nurgast üles vasakusse nurka jõuab , nimetatakse kiire tagasikäigu ajaks . </s> <s> See protsess vältab ligikaudu 1,4 millisekundit ja pildi jaoks peale kaadri sünkroimpulsi mingit vajalikku informatsiooni ei sisalda ( PAL-värvistandardis ) . </s> <s> Osa kaadri tagasikäigu ajast kasutataksegi ära teleteksti ülekandeks . </s> <s> Tagasikäigu ajal saadetakse tihti ka testsignaale , mis on vajalikud ülekandetrakti kontrolliks . </s> </p>
<p> <s> Teleteksti saade on jagatud üksteise järel saadetavateks numereeritud lehekülgedeks ( 100-899 ) , millest igaüks sisaldab mingit teksti või pilte . </s> <s> Palju teksti sisaldavad leheküljed on jaotatud omakorda alalehtedeks , mida saadetakse järjestikku . </s> <s> Iga teletekstilehekülg koosneb päisest ja tekstiosast . </s> <s> Teksti mahub ühele lehele kuni 24 rida , igas reas võib olla kuni 40 märki . </s> <s> Lehe päises on üks rida teksti . </s> <s> Seal on näha valitud lehekülje number , kellaaeg , kuupäev ja peaaegu eranditult teleteksti ( või seda saatva firma ) nimi . </s> <s> Teleteksti põhilised tehnilised parameetrid on toodud tabelis . </s> </p>
<p> <table><row><cell rows="1" cols="1"> Taktsagedus </cell><cell rows="1" cols="1"> 6,9735 Mhz ( reasageduse 444kordne ) </cell></row><row><cell rows="1" cols="1"> Impulsi pikkus ( 0,5 amplituud ) </cell><cell rows="1" cols="1"> 144,14 ns </cell></row><row><cell rows="1" cols="1"> Kodeerimine </cell><cell rows="1" cols="1"> 8 bit/sõna koos paarsusbitiga </cell></row><row><cell rows="1" cols="1"> Kood </cell><cell rows="1" cols="1"> NRZ ( <hi rend="kaldkiri"> non return to zero </hi> ) </cell></row><row><cell rows="1" cols="1"> Sõnu igal TV-real </cell><cell rows="1" cols="1"> 45 </cell></row><row><cell rows="1" cols="1"> Ülekande aeg : </cell><cell rows="1" cols="1"> </cell></row><row><cell rows="1" cols="1"> <lb/> <lb/> üks tekstirida </cell><cell rows="1" cols="1"> 45 sõna x 8 bitti x 0,144 mikrosekundit= 51,89 mikrosekundit <lb/> <lb/> ( TV rida ilma kustutuspulsita 52 mikrosekundit ) </cell></row><row><cell rows="1" cols="1"> <lb/> <lb/> üks tekstilehekülg </cell><cell rows="1" cols="1"> 24 tekstirida/ 4-TV rida = 0,24 s </cell></row></table> </p>
<p> <s> Valides teleteksti mahuks 75 lehekülge , saame valitud lehekülje ootamise ajaks halvimal juhul 18 sekundit ( juhul , kui teleteksti kanda üle kahel real kummaski poolkaadris ) . </s> </p>
<p> <s> Tegelikult on teleteksti võimalik üle kanda kuni 16 real poolkaadri kohta ( kaadrikustutuse ajal ) . </s> <s> Esimeses poolkaadris ridadel 6-21 ja teises poolkaadris ridadel 319-334. </s> <s> Siinkohal tuleb ära mainida piirangud , mida teleteksti ülekandele seab SECAM värvistandard . </s> <s> Nimelt saadetakse SECAM ülekandes kaadrikustutuse ajal värvisünkroimpulsse ( esimeses poolkaadris ridadel 7-15 ja teises poolkaadris ridadel 320-328 ) . </s> <s> Teleteksti võib saata potensiaalselt ainult viiel real , kui videosignaalile ei ole lisatud testsignaale 1-2 real . </s> <s> Aeglase teleteksti näitena võib tuua Eesti Televisiooni poolt kasutatavat varianti . </s> <s> Teletekst saadetakse kolmel vabal real kummaski poolkaadris , kuigi tehnika võimaldaks kasutada kõiki teletekstile lubatud ridu . </s> <s> Seoses sellega venib ka valitud lehekülje ootamise aeg võrreldes mõne teise kanali , näiteks Soome televisiooni kanalitega , kus teleteksti saadetakse kaheksal real . </s> </p>
<p> <s> Teletekstilehekülgede süsteem on reeglina üles ehitatud nii , et lehekülg 100 on teleteksti pealeht . </s> <s> Pealeht sisaldab tavaliselt infot kogu teleteksti ja selle alajaotuste kohta . </s> <s> Alajaotused on enamasti jagatud sadade lehekülgede kaupa ja leht X00 ( 100 , 200 , 300 , jne. ) on selle saja sisukorraleheküljeks . </s> <s> Nii on näiteks laialt levinud telekavade , saatetutvustuste , filmikommentaaride , jne üle kandmine tekstilehekülgedel 301-3XX ( sisukord leheküljel 300 ) . </s> </p>
<p> <s> Uuemad teletekstidekoodrid võimaldavad vastu võtta Euroopas järjest enam levivat TOPTEXT-süsteemis saadetavat teleteksti . </s> <s> Täiuslikuma tekstidekoodriga varustatud telerite kaugjuhtimispultidel on muuhulgas värvilised nupud , millele TOPTEXT'is on antud omaette funktsioon . </s> <s> Sinise nupuga valitakse alajaotus , kollasega teema ja rohelise nupuga lehekülg ( nimi ) . </s> <s> ( Näit . <hi rend="kaldkiri"> uudised · majandusuudised · valuutakursid </hi> . ) </s> <s> Eelmise lehekülje valimine toimub punase nupuga . </s> <s> Alajaotused ja teemad võivad olla esitatud ka tabelina , milles valimine toimub teleri kaugjuhtimispuldi kursorinuppudega . </s> <s> TOPTEXT-teleteksti ülekanded on Eestis jälgitavad satelliidi vahendusel põhiliselt Saksa telekanalite teletekstides . </s> </p>
<p> <s> Esimesena Euroopas alustas teleteksti ülekandmist BBC ( <hi rend="rasvane"> B </hi> ritish <hi rend="rasvane"> B </hi> roadcasting <hi rend="rasvane"> C </hi> ompany ) juba paarkümmend aastat tagasi . </s> <s> Seda sama teleteksti , millele inglased andsid nime CEEFAX , oleks võimalik vaadata iga tänapäevase teletekstidekoodriga varustatud teleriga . </s> <s> Seega saatestandardis muutust toimunud ei ole . </s> <s> Alternatiivne Prantsusmaal välja töötatud teletekstisüsteem <hi rend="kaldkiri"> Antiope </hi> on tänaseks konkurendi poolt välja tõrjutud ka viimase sünnimaalt . </s> </p>
<p> <s> Teleteksti areng ei ole siiski seisma jäänud . </s> <s> Berliini messil IFA' 95 esitleti uut teleteksti laiendatud võimalustega varianti HiText . </s> <s> ( teletekst level 2.5 ) . </s> <s> HiText on allapoole ühilduv praegu laialdaselt kasutusel oleva ( level 1.0 ) teleteksti variandiga ja on tavalise dekoodriga varustatud teleri ekraanil näha nagu tavaline teletekst . </s> <s> Nägemata jäävad vaid osa graafikat ja teksti see osa , mis jääb väljapoole level 1.0 poolt kasutatavat ekraanipiirkonda . </s> </p>
<p> <s> HiText võimaldab lisaks tavalisele teletekstile : </s> </p>
<p> <s> 1. üle kanda igal real 56 märki , </s> </p>
<p> <s> 2. keerulisemaid ja parema resolutsiooniga graafilisi kujundeid , </s> </p>
<p> <s> 3. liikuvaid objekte , </s> </p>
<p> <s> 4. teksti ja graafikat on võimalik ekraanile esitada 15 erineva värviga . </s> </p>
<p> <s> Igat värvi taas 16 erineva intensiivsusega , mis annab kokku 240 kombinatsiooni . </s> </p>
<p> <s> 5. ekraanile kuvada logosid jne. </s> </p>
<p> <s> 6. kasutaja poolt valida spetsiaalseid sümboleid ( erilisi tähemärke ) ja värve ( 16x16 ) . </s> </p>
<p> <s> Mõned teleritootjad on andnud oma teleri teletekstile juba praegu nime MEGATEKST . </s> <s> Reeglina tähendab see , et teler on varustatud <hi rend="kaldkiri"> Siemens'i </hi> HiText lahutusvõimega MEGATEXT protsessoriga ja vähemalt 100 tekstilehekülje mäluga . </s> <s> Seevastu telerid , mis varustatakse uue HiText dekoodriga , hakkavad kandma nime MEGATEXT Plus . </s> </p>
<p> <s> Praegu veel ükski operaator HiTexti ei väljasta ja vajaliku varustusega telereidki ei paku ükski tootja . </s> <s> Lähem tulevik näitab , kas turule jõuab kiiremini uue teletekstidekoodriga varustatud teler ( ja tarbijal tuleb oodata kuni lubatud HiText teleteksti ülekanded algavad ) või algavad varem HiText ülekanded ja tarbija hakkab telerivalmistajatelt uue dekoodriga telereid nõudma . </s> </p></div2>
      </div1>
      <div1 type="ajakirjanumber">
        <head> Horisont , 1996 </head>
        <div2 type="artikkel"><head> Tähekuninganna troon . </head>
<p> <bibl> <author> <s> PEEP KALV </s> </author> </bibl> </p>
<p> <gap rend="pilt"/> </p>
<p> <s> FOTO ALLKIRI </s> </p>
<p> <s> Tähekuninganna troon NASA Hubble'i kosmoseteleskoobi vahendusel . </s> <s> Kolmest fotost koostatud kujutise värvusülekanne on loomulikule väga lähedane : punane valgus tuleb ühekordselt ioniseeritud väävli , roheline vesiniku aatomeist ; sinist kiirgavad kahekordselt ioniseeritud hapniku aatomid . </s> </p>
<p> <s> Parim maapeal tehtud foto Tähekuningannast ja udukogust ( David Malin , Anglo-Austraalia 3,9 meetrine teleskoop ) . </s> </p>
<p> <s> Tuntud tähetekke piirkonna Orioniga ( 1 ) on jõuliselt konkureerimas Madu . </s> <s> Sama jõuline on nimetatud paikkonnast ( nüüd tuntuks saanud rohkem Tähekuningannana ) Hubble'i kosmoseteleskoobiga hiljuti tehtud foto . </s> <s> Tõeliste madude munakurnast võib järglasi tulla mõnikümmend . </s> <s> Tundub , et oma nimekaimule ei jää alla ka taevane Madu - sealgi on tähtede sünd tormilisem kui mujal . </s> </p>
<p> <s> Esimesena kirjeldas Mao , Amburi ja Kilbi kokkupuutepunkti lähedal , peaaegu täiskuu näiva läbimõõduga kaunist hajusat täheparve šveitsi astronoom <hi rend="kaldkiri"> P.L. de Chesaux </hi> 1746. <hi rend="kaldkiri"> Charles Messier' </hi> kataloogi s ( 1764 ) sai objekt nimeks M16 , märkusega “ tähed asuvad nõrgas valguses ” . </s> <s> Arusaamatu , kuid pärast kuulsat prantslast ei näinud tähti ümbritsevat udukogu kogenuimadki vaatlejad ( näiteks <hi rend="kaldkiri"> sir William Her schel </hi> ise ) kuni esimese fotoni , mille tegi ameerika astronoom <hi rend="kaldkiri"> Edward Barnard </hi> 1895. </s> </p>
<p> <s> Laialisirutatud tiibadega hiidlindu meenutava udukogu M16 tuntuim nimi on Kotkas , kuid USA astronoomi <hi rend="kaldkiri"> Robert Burnhamjun . </hi> pakutud Tähekuninganna tundub õnnestunum . </s> </p>
<p> <s> 7000 .. 8000 valgusaasta kaugusel asuva pilve läbimõõt on 70 valgusaastat , mass 12 500 Päikese massi . </s> <s> Pilves asuvate tähtede keskmine vanus on 800 000 aastat , kuid noorimad , vaid 50 000 aasta vanused on vastsündinud . </s> <s> L eidub ka mitu T Tauri tüüpi muutlikku1 , alles prototähe lõppstaadiumis viibivat objekti . </s> </p>
<p> <s> Pilv koosneb peamiselt vesinikust , millesse on lõikunud tumedad ribad - molekule ja tolmu sisaldavad tihedamad pilved . </s> <s> Need on inglise astronoomi ja publitsisti <hi rend="kaldkiri"> Fred Hoyle'i </hi> ( 2 ) rohkem kui valgusaasta pikkused “ elevandi londid ” ( kuumem gaas paisub ja tungib jahedamasse nagu pomm ) ehk Burnhami Tähekuninganna troon . </s> </p>
<p> <s> Tähekuninganna udukogu kujutab endast hiiglaslikku inkubaatorit , milles umbes 60 enneaegset tibu teevad palju pahandust : esimesena tekkinud suure massiga ülikuumade tähtede võimas ultraviolettkiirgus hajutab energiliselt pilve , s elle tihedus saab väiksemaks kriitilisest , ja sajad uued tähed jäävad sündimata . </s> <s> Sellest hoolimata tähti siiski tekib ( Hubble'i teleskoobi fotol on üks niisugune “ loode ” rõngastatud ) , kuid uued on varase matest väiksemad , sest ultraviolettkiirgus hajutab ka alles kokkutõmbumist alustanud prototähtede väliskihte . </s> <s> Neid looteid , molekulaarse elevandi londi sees ja sellest sõrmedena välja ulatuvaid tihendeid nimetavad astrono omid aurustuvateks gaasilisteks gloobuliteks . </s> <s> Mõõtmetelt on nad Päikesesüsteemist pisut suuremad . </s> </p>
<p> <s> Hubble'i kosmoseteleskoobi fotode autorid , Arizona Ülikooli astronoomid <hi rend="kaldkiri"> Jeff Hester </hi> ja <hi rend="kaldkiri"> Paul Scowen </hi> jätkavad praegu maa peal infrapuna- ja millimeeter-raadiokiirguse lainetel . </s> <s> Uued vaatlused kosmosest on kavas 1997. aasta lõpul , kui Hubble'i teleskoobile on paigaldatud uus infrapunakaamera ja spektromeeter . </s> </p>
<p> <s> ( 1 ) “ Horisont ” nr.7 1995 , lk. 39-46. </s> </p>
<p> <s> ( 2 ) Tema kuulus “ Must pilv ” on avaldatud “ Horisondis ” 1967-1968 ( tõlkija käesoleva loo autor Peep Kalv - <hi rend="kaldkiri"> toim </hi> . ) . </s> </p>
<p> <s> PEEP KALV ( 1934 ) on Tallinna Tehnikaülikooli füüsika instituudi vanemteadur Tallinna Tähetornis . </s> </p>
<p> <s> Füüsika-matemaatikakandidaat . </s> </p></div2>
      </div1>
      <div1 type="ajakirjanumber">
        <head> Horisont , 1996 </head>
        <div2 type="artikkel"><head> Telerid lahe tagant . </head>
<p> <bibl> <author> <s> REINO OHLAU </s> </author> </bibl> </p>
<p> <s> Tänavu möödub 40 aastat televisiooniajastu algusest Soome lahe põhjakaldal . </s> <s> Nendest aegadest on välja kasvanud ka tänane FINLUX kaubamärk . </s> <s> Esialgsest kuubikujulisest kastist , mille ühel küljel asetses midag i illuminaatoritaolist ja seest võis leida hulganisti hõõguvaid klaaskolvikesi , on tänaseks saanud meile tuntud televiisor oma täisnurkse pildi , suurepärase stereohääle ja modernse disainiga . </s> </p>
<p> <s> Raske on prognoosida järgmist neljakümmet , aga osalt on tunda konkurentsist tingitud teatavat tempo langust telerite arengus . </s> <s> Teleritootjate põhiline aeg kipub kuluma odavama tootmise organiseerimiseks . </s> </p>
<p> <s> Kui Finlux 1990ndate alguses tõsiselt Eesti turule jõudis , olid tootevalikus põhiliselt ainult kallid stereoteleviisorid . </s> <s> Siis tehti põhimõtteline kursimuutus ja turule toodi odavamad mudelid . </s> <s> Nende varustus oli lih tsam , kuid nad leidsid kiirelt hea tarbijapoolse vastuvõtu . </s> <s> 25tollise kineskoobiga C-seeria telerist sai tõeline rahvateleviisor Soomes . </s> <s> Eestiski on just seda telerit võrreldes teiste Finluxidega , enam müüdud . </s> </p>
<p> <s> Finluxi tootevalikus on täna 6 seeriat televiisoreid . </s> <s> Telereid valmistatakse kahes tehases . </s> <s> G- , Y- , P- ja B-seeria telerid tulevad Saksamaalt Bochumist . </s> <s> Turus asuvas Euroopa ühes modernsemas teleritehases valmistatakse Finlux U-ja Z-seeria t elereid . </s> <s> Abiks teleri valimisel on allpool toodud tabelis antud kõikide tootmises olevate Finlux-telerite põhilised andmed . </s> </p>
<p> <s> <gap rend="tabel"/> </s> </p>
<p> <s> Teleri suurust valides võib kõrvale jätta põhimõtte , et selle vaatamise optimaalne kaugus peaks olema viis kineskoobi diagonaali , kuna nüüdisaegset 29tollist telerit võib vaadata juba paari meetri kaug uselt . </s> <s> Suur ekraan toob aga filmide vaatamisse rohkem kino tunnet ja viib vaataja enam tegevuse keskele . </s> </p>
<p> <s> <hi rend="rasvane"> Milliseid kanaleid saab vastu võtta ? </hi> </s> </p>
<p> <s> Kanalite all mõistavad inimesed erinevaid asju . </s> <s> Kui Finlux 74U2 teleril on sada kanalit , tähendab see tegelikult , et teleri mällu on võimalik salvestada kuni 100 teleprogrammi , mida kantakse üle erinevatel tehnilistel kana litel . </s> <s> Lihtsamalt väljendudes - teleril on saja programmi mälu . </s> <s> Teine number , mida kasutamisjuhendist võib leida , on kanalite arv . </s> <s> See on tehniliste kanalite arv , mille saatesagedused on otsimise hõlbustamiseks teleri mällu ki rjutatud . </s> <s> Kaablivõrkudes võivad teleprogrammid olla nihutatud kõrvale standardsest tehnilise kanali sagedusest . </s> <s> Automaathäälestus leiab üles õige sageduse ja häälestab teleri ka nihutatud kanalile . </s> <s> Kõikides tootmises olevates Finlux-telerites käivitub automaathäälestus teleri esmasel sisselülitamisel või pärast mälu tühjendamist ja salvestab mällu kõik teleprogrammid , mis kaabli kaudu sellesse telerisse jõuavad , sõltumata ülekandesagedusest kogu televisiooni-diapasooni ulatuses . </s> </p>
<p> <s> Eestis müüdavad Finlux-telerid võimaldava vastu võtta teleprogramme , mida saadetakse PAL või SECAM standardis CCIR ( 5,5 ) või OIRT ( 6,5 ) heliga . </s> </p>
<p> <s> <hi rend="rasvane"> 100hertsine pildilaotus </hi> </s> </p>
<p> <s> Otsides võimalusi telerite pildiomaduste parandamiseks , tuldi ideele hakata pilti ekraanile laotama kaks korda tihedamini , kui seda saadetakse ( 50 poolkaadrit sekundis ) ehk 100 korda sekundi jooksul . </s> <s> Põhjuseks oli tavalise telepildi tunt av vilkumine ja värelemine vertikaalsuunas . </s> <s> Kuna inimsilmal on teatav mälu , suudab ta fikseerida nähtavaid muutusi mingi lõpliku kiirusega . </s> <s> Laotades pilti tavalisest kaks korda tihedamini , satume teisele poole seda piiri ja pilt vaat aja jaoks enam ei vilgu . </s> <s> Pildi teravust 100hertsine laotus ei paranda . </s> </p>
<p> <s> <hi rend="rasvane"> NICAM stereoheli </hi> </s> </p>
<p> <s> Parema naudingu saavutamiseks filmide ja muusikasaadete vaatamisel on telerites helikvaliteediga jõutud pildiga võrreldes palju kaugemale . </s> <s> Tavaline FM helikanal , mida suudab vastu võtta iga televiisor , seab olulised piirangud ülekantava heli kvaliteedile . </s> <s> Järjest uusi alasid vallutab Euroopas NICAM digitaalstereoheli ülekandesüsteem . </s> <s> NICAM võimaldab lisaks stereohelile ka kakskeelsete saadete ülekannet . </s> <s> Osa Soome televisiooni kaudu edastatavaid spor diülekandeid on näiteks varustatud kommentaaridega soome ja rootsi keeles . </s> </p>
<p> <s> <hi rend="rasvane"> Lisaseadmete ühendamisvõimalused </hi> </s> </p>
<p> <s> Lisaks televiisorile on paljudes kodudes ka videomagnetofonid , satelliidituunerid ja muud videoseadmed , mis vajavad ühendamist televiisoriga . </s> <s> Enamuses telerites leidub selle jaoks videosisend . </s> <s> Ühendus videosisendi kaudu annab alati parima pi ldi- ja helikvaliteedi . </s> <s> Kui kodus juhtub olema rohkem seadmeid , mida oleks vaja teleriga ühendada , on oluline , et teleril oleks rohkem kui üks videosisend . </s> <s> Finlux U- ja Z-teleril on kolm videosisendit . </s> <s> Kaks neist asuvad tagapaneelil ja üks esipaneelil . </s> <s> Esipaneelil asuvat sisendit on mugav kasutada näiteks videomängude või kaamera ajutiseks ühendamiseks , eriti kui juurdepääs telerile tagantpoolt on ebamugav . </s> <s> Kallimates televiisorites leidub reeglina ka kvalite etne stereohelivõimendi , mis võimaldab ka lisakõlarite ühendamist . </s> <s> Nende paigutamisel üksteisest kaugemale saab nautida paremat stereoefekti . </s> </p>
<p> <s> <hi rend="rasvane"> Kammfilter </hi> </s> </p>
<p> <s> Seoses digitaaltehnika arenguga on tekkinud võimalus kõrvaldada PAL-telepildist üht häirivamat nn. “ cross color ” efekti . </s> <s> See tekib , kui teleri värvikanalisse kaasatakse osa heledussignaalist , mille sagedus on lähedane värvikandva signaaliga . </s> <s> Pildil avaldub see kõige teravamalt näiteks diktori ruudulisel pintsakul , kui selle muster on teatava sammuga . </s> <s> Kammfilter eraldab digitaalselt heledus- ja värvisignaalid koos nende spektrite kõigi komponentidega . </s> </p>
<p> <s> <hi rend="rasvane"> Lisaks teleritele </hi> pakub Finlux ka satelliidituunereid , antennipositsioneere ja videomagnetofone . </s> <s> Pärast Nokia kontserniga paar aastat tagasi toimunud ühinemist on Põhjamaade satelliidiülekannetes kindla koha leidnud MAC-standardit vastu võt vate satelliidituunerite tootmine koondatud Rootsi , Motalas asuvasse tehasesse . </s> <s> Turu teleritehases toodetakse ga kontserni prestiizikamaid telereid . </s> <s> Tehase laboratooriumis käib aga vilgas tegevus digitaaltelevisiooni vastuvõtuseadmete väl jatöötamisel ja tootmisse evitamisel . </s> <s> Saksa meediafirmalt <hi rend="kaldkiri"> KirchGroup </hi> saadud tellimus miljoni digitaalvastuvõtja tegemiseks on suuremaid käsilolevaid projekte . </s> </p></div2>
      </div1>
    </body>
  </text>
</TEI>
</teiCorpus>
</teiCorpus>
